{"cameraMode":{"drawMode":0,"name":"Shaded","section":"Shading Mode"},"sceneLighting":false,"audioPlay":false,"sceneViewState":{"m_AlwaysRefresh":false,"showFog":true,"showSkybox":false,"showFlares":true,"showImageEffects":true,"showParticleSystems":true,"showVisualEffectGraphs":true,"m_FxEnabled":true},"in2DMode":false,"pivot":{"x":0.0029422640800476076,"y":0.6697732210159302,"z":-0.00010225176811218262},"rotation":{"x":-0.23361900448799134,"y":-0.00962873175740242,"z":0.0023135195951908828,"w":-0.9722785949707031},"size":0.9524065256118774,"orthographic":false}